company_name,website,email
Altogether better across London,https://www.dexters.co.uk,outreach@aktonz.com
What's your home worth?,https://www.acorngroup.co.uk,outreach@aktonz.com
unknown,https://www.foxtons.co.uk,
Chestertons,https://www.chestertons.co.uk,hello@chestertons.co.uk
Winkworth,https://www.winkworth.co.uk,
William H Brown,https://www.williamhbrown.co.uk,
Hamptons,https://www.hamptons.co.uk,clientservicesdepartment@hamptons.co.uk
Knight Frank UK,https://www.knightfrank.co.uk,
London. Property.  We get it.,https://www.kfh.co.uk,enquiries@londonwideconveyancing.com
Marsh & Parsons,https://www.marshandparsons.co.uk,customercare@marshandparsons.co.uk
Stirling Ackroyd Estate Agents,https://www.stirlingackroyd.com,info@stirlingackroyd.com
Johns&Co: London Estate Agents,https://www.johnsand.co,info@johnsand.co
Boutique London Estate Agents,https://www.portico.com,recruitment@lrg.co.uk
